ELT Owner,VP Owner,IT VP Owner,Product Group,Product,Metric Type,Metric,Count
Ann Marie Campbell,Hadyn Chilcott,Mike Guhl,Engage the Customer,Store Associate Workbench,Cost,Sales per Labor Hour,1
Ann Marie Campbell,Hadyn Chilcott,Mike Guhl,Engage the Customer,Store Associate Workbench,Inventory Turns,Average Inventory On Hand,1
Ann Marie Campbell,Hadyn Chilcott,Mike Guhl,Engage the Customer,Store Associate Workbench,Sales,Conversion Rate,3
Ann Marie Campbell,Hadyn Chilcott,Mike Guhl,Engage the Customer,Store Associate Workbench,Sales,Customer VOC Metrics,4
Ann Marie Campbell,Hadyn Chilcott,Mike Guhl,Engage the Customer,Store Associate Workbench,Sales,In Stock,1
Ted Decker,Tim Wilkerson,Mike Guhl,Engage the Customer,Store Merchandising Execution (MET),Cost,G&A expenses (% of sales),2
Ted Decker,Tim Wilkerson,Mike Guhl,Engage the Customer,Store Merchandising Execution (MET),Cost,Labor % of Sales,13
Ted Decker,Tim Wilkerson,Mike Guhl,Engage the Customer,Store Merchandising Execution (MET),Gross Margin,Cost of Goods Sold,1
Ted Decker,Tim Wilkerson,Mike Guhl,Engage the Customer,Store Merchandising Execution (MET),Inventory Turns,COGS/Sell-through,2
Ted Decker,Tim Wilkerson,Mike Guhl,Engage the Customer,Store Merchandising Execution (MET),Sales,% Sales from new categories / new SKUs,1
Ted Decker,Tim Wilkerson,Mike Guhl,Engage the Customer,Store Merchandising Execution (MET),Sales,Conversion Rate,2
Ted Decker,Tim Wilkerson,Mike Guhl,Engage the Customer,Store Merchandising Execution (MET),Sales,Customer VOC Metrics,2
Ted Decker,Tim Wilkerson,Mike Guhl,Engage the Customer,Store Merchandising Execution (MET),Sales,In Stock,1
Ted Decker,Tim Wilkerson,Mike Guhl,Engage the Customer,Store Merchandising Execution (MET),Sales,Sales / Square Foot,8