ELT Owner,VP Owner,IT VP Owner,Product Group,Product,Metric Type,Count
Ann Marie Campbell,Hadyn Chilcott,Mike Guhl,Engage the Customer,Store Associate Workbench,Cost,1
Ann Marie Campbell,Hadyn Chilcott,Mike Guhl,Engage the Customer,Store Associate Workbench,Inventory Turns,1
Ann Marie Campbell,Hadyn Chilcott,Mike Guhl,Engage the Customer,Store Associate Workbench,Sales,8
Ted Decker,Tim Wilkerson,Mike Guhl,Engage the Customer,Store Merchandising Execution (MET),Cost,15
Ted Decker,Tim Wilkerson,Mike Guhl,Engage the Customer,Store Merchandising Execution (MET),Gross Margin,1
Ted Decker,Tim Wilkerson,Mike Guhl,Engage the Customer,Store Merchandising Execution (MET),Inventory Turns,2
Ted Decker,Tim Wilkerson,Mike Guhl,Engage the Customer,Store Merchandising Execution (MET),Sales,14