Metric Type,ETL Owner,VP Owner,IT VP Owner,Product
Cost,Ted Decker,Tim Wilkerson,Mike Guhl,Store Merchandising Execution (MET)
Cost,Ann Marie Campbell,Hadyn Chilcott,Mike Guhl,Store Associate Workbench
Cost,Ann Marie Campbell,Hadyn Chilcott,Mike Guhl,Reverse Logistics (Returns)
Cost,Ann Marie Campbell,Kathleen Eaton,Mike Guhl,Asset Protection
Gross Margin,Ted Decker,Tim Wilkerson,Mike Guhl,Store Merchandising Execution (MET)
Gross Margin,Mark Holifield,Jennifer McKeehan,Mike Guhl,Inventory Planning
Gross Margin,Mark Holifield,Jennifer McKeehan,Mike Guhl,Inventory Replenishment
Inventory Turns,Ann Marie Campbell,Hadyn Chilcott,Mike Guhl,Store Associate Workbench
Inventory Turns,Ted Decker,Tim Wilkerson,Mike Guhl,Store Merchandising Execution (MET)
Inventory Turns,Mark Holifield,Jennifer McKeehan,Mike Guhl,Inventory Planning
Inventory Turns,Mark Holifield,Jennifer McKeehan,Mike Guhl,Inventory Replenishment
Sales,Ann Marie Campbell,Hadyn Chilcott,Mike Guhl,Store Associate Workbench
Sales,Ann Marie Campbell,Hadyn Chilcott,Mike Guhl,Reverse Logistics (Returns)
Sales,Ted Decker,Tim Wilkerson,Mike Guhl,Store Merchandising Execution (MET)