ELT Owner,VP Owner,Product Group,Product,Component,Feature,Benefit,Metric Type,Metric
Ted Decker,Mike Guhl,Engage the Customer,Store Merchandising Execution (MET),Associate Productivity,ALL,Increases bays serviced per hour through improved efficiency,Sales,Customer VOC Metrics
Ted Decker,Mike Guhl,Engage the Customer,Store Merchandising Execution (MET),Associate Productivity,ALL,Increases bays serviced per hour through improved efficiency,Sales,Sales / Square Foot
Ted Decker,Mike Guhl,Engage the Customer,Store Merchandising Execution (MET),Associate Productivity,ALL,Decreases labor as a % of supplier dollars,Cost,Labor % of Sales
Ted Decker,Mike Guhl,Engage the Customer,Store Merchandising Execution (MET),Associate Productivity,Primary home location of SKU is displayed on labels and hang tags,Primary merchandising location displayed on all labels to identify where product is merchandised,Sales,In Stock
Ted Decker,Mike Guhl,Engage the Customer,Store Merchandising Execution (MET),Associate Productivity,Primary home location of SKU is displayed on labels and hang tags,Primary merchandising location displayed on all labels to identify where product is merchandised,Cost,Labor % of Sales
Ted Decker,Mike Guhl,Engage the Customer,Store Merchandising Execution (MET),Associate Productivity,Capture and retain historic notes for individual bays while bay service and tasking is taking place,Provides digital visibility to previous service visits to aid associate in closing open issues,Sales,Sales / Square Foot
Ted Decker,Mike Guhl,Engage the Customer,Store Merchandising Execution (MET),Associate Productivity,Generate consolidated work list for bay tasking prioritized by associate skill set and configurable business rules,Provides associate with specific task list by bay tailored to configurable priorities,Sales,Sales / Square Foot
Ted Decker,Mike Guhl,Engage the Customer,Store Merchandising Execution (MET),Associate Productivity,Generate consolidated work list for bay tasking prioritized by associate skill set and configurable business rules,Provides associate with specific task list by bay tailored to configurable priorities,Cost,Labor % of Sales
Ted Decker,Mike Guhl,Engage the Customer,Store Merchandising Execution (MET),Associate Productivity,Generate consolidated work list for bay tasking prioritized by associate skill set and configurable business rules,Provides associate with specific task list by bay tailored to configurable priorities,Inventory Turns,COGS/Sell-through
Ted Decker,Mike Guhl,Engage the Customer,Store Merchandising Execution (MET),Associate Productivity,Manage configurable business rules by hierarchy or location,Provides administrative ability to manage service details at various geographical levels,Sales,Sales / Square Foot
Ted Decker,Mike Guhl,Engage the Customer,Store Merchandising Execution (MET),Associate Productivity,Manage configurable business rules by hierarchy or location,Provides administrative ability to manage service details at various geographical levels,Cost,Labor % of Sales
Ted Decker,Mike Guhl,Engage the Customer,Store Merchandising Execution (MET),Associate Productivity,Manage configurable business rules by hierarchy or location,Provides administrative ability to manage service details at various geographical levels,Inventory Turns,COGS/Sell-through
Ted Decker,Mike Guhl,Engage the Customer,Store Merchandising Execution (MET),Associate Productivity,Digital visibility to bay service status and notes,Provides digital visibility to previous service visits to aid associate in closing open issues,Cost,Labor % of Sales
Ted Decker,Mike Guhl,Engage the Customer,Store Merchandising Execution (MET),Associate Productivity,Digital visibility to bay service status and notes,Provides digital visibility to suppliers to inform about services performed,Gross Margin,Cost of Goods Sold
Ted Decker,Mike Guhl,Engage the Customer,Store Merchandising Execution (MET),Associate Productivity,Optimize workflow through store,Improves associate efficiency through intelligent bay flow navigation,Cost,Labor % of Sales
Ted Decker,Mike Guhl,Engage the Customer,Store Merchandising Execution (MET),Associate Productivity,Perform service quality audits for merchandising locations,Improves quality of service through structured service audits,Sales,Sales / Square Foot
Ted Decker,Mike Guhl,Engage the Customer,Store Merchandising Execution (MET),Associate Productivity,Perform service quality audits for merchandising locations,Improves quality of service through structured service audits,Sales,Customer VOC Metrics
Ted Decker,Mike Guhl,Engage the Customer,Store Merchandising Execution (MET),Associate Productivity,Supervisors can view the status of team member activities,Allows supervisors to quickly assess their teams' progress through the store,Cost,Labor % of Sales
Ted Decker,Mike Guhl,Engage the Customer,Store Merchandising Execution (MET),Associate Productivity,Supervisors can view the locations in which their associates are working,Allows supervisors to oversee their teams while spread out through the store,Cost,Labor % of Sales
Ted Decker,Mike Guhl,Engage the Customer,Store Merchandising Execution (MET),Associate Productivity,Supervisors can view bays that require additional attention,Quickly identifies locations within the store that need additional service attention,Sales,Sales / Square Foot
Ted Decker,Mike Guhl,Engage the Customer,Store Merchandising Execution (MET),Associate Productivity,Supervisors can view bays that require additional attention,Quickly identifies locations within the store that need additional service attention,Sales,% Sales from new categories / new SKUs
Ted Decker,Mike Guhl,Engage the Customer,Store Merchandising Execution (MET),Associate Productivity,Capture time spent in non-bay activities,Provides more accurate time tracking capabilities for service teams,Cost,Labor % of Sales
Ted Decker,Mike Guhl,Engage the Customer,Store Merchandising Execution (MET),Associate Productivity,Capture time spent in non-general-service activities,Provides more accurate time tracking capabilities for service teams,Cost,Labor % of Sales
Ted Decker,Mike Guhl,Engage the Customer,Store Merchandising Execution (MET),Associate Productivity,Turn non-bay activities on and off by effective dates,Allows administrators to more accurately manage time tracking for store teams,Cost,Labor % of Sales
Ted Decker,Mike Guhl,Engage the Customer,Store Merchandising Execution (MET),Associate Productivity,Manage configurable parameters for daily tasking,Allows administrators to maintain daily tasks and activities for store teams,Sales,Conversion Rate
Ted Decker,Mike Guhl,Engage the Customer,Store Merchandising Execution (MET),Associate Productivity,Manage configurable parameters for daily tasking,Allows administrators to maintain daily tasks and activities for store teams,Sales,Sales / Square Foot
Ted Decker,Mike Guhl,Engage the Customer,Store Merchandising Execution (MET),Associate Productivity,Manage configurable parameters for daily tasking,Allows administrators to maintain daily tasks and activities for store teams,Cost,Labor % of Sales
Ted Decker,Mike Guhl,Engage the Customer,Store Merchandising Execution (MET),Associate Productivity,View safety messages that are applicable to a bay being serviced,Increases associate awareness of safe working practicies,Cost,G&A expenses (% of sales)
Ted Decker,Mike Guhl,Engage the Customer,Store Merchandising Execution (MET),Associate Productivity,View safety messages that are applicable to a bay being serviced,Decreases associate injury rate through simple messaging,Cost,G&A expenses (% of sales)
Ted Decker,Mike Guhl,Engage the Customer,Store Merchandising Execution (MET),Associate Productivity,Submit orders for POP from a mobile device,Allows associates to place orders for missing/damaged POP while in front of the bay,Sales,Conversion Rate
Ted Decker,Mike Guhl,Engage the Customer,Store Merchandising Execution (MET),Associate Productivity,Submit orders for POP from a mobile device,Allows associates to place orders for missing/damaged POP while in front of the bay,Sales,Sales / Square Foot
Ted Decker,Mike Guhl,Engage the Customer,Store Merchandising Execution (MET),Associate Productivity,Submit orders for POP from a mobile device,Allows associates to place orders for missing/damaged POP while in front of the bay,Cost,Labor % of Sales
Ann Marie Campbell,Mike Guhl,Engage the Customer,Store Associate Workbench,Customer Experience,ALL,Customer Experience provides tools to enhance the associate's ability to assist the customer,Sales,Customer VOC Metrics
Ann Marie Campbell,Mike Guhl,Engage the Customer,Store Associate Workbench,Customer Experience,ALL,Customer Experience provides tools to enhance the associate's ability to assist the customer,Sales,Conversion Rate
Ann Marie Campbell,Mike Guhl,Engage the Customer,Store Associate Workbench,Customer Experience,Allow customers to compare features of multiple products while in the aisles,"Customers could compare features of multiple products more quickly and efficiently, allowing them to make a more informed and educated decision and would reduce the buyers remorse and product returns",Sales,Customer VOC Metrics
Ann Marie Campbell,Mike Guhl,Engage the Customer,Store Associate Workbench,Customer Experience,Allow customers to compare features of multiple products while in the aisles,"Customers could compare features of multiple products more quickly and efficiently, allowing them to make a more informed and educated decision and would reduce the buyers remorse and product returns",Sales,Conversion Rate
Ann Marie Campbell,Mike Guhl,Engage the Customer,Store Associate Workbench,Customer Experience,Facilitate sales through POS system on self-service devices,This would expedite purchase transaction times and reduce the amount of time a customer would have to wait in line to check out,Sales,Customer VOC Metrics
Ann Marie Campbell,Mike Guhl,Engage the Customer,Store Associate Workbench,Customer Experience,Facilitate sales through POS system on self-service devices,This would expedite purchase transaction times and reduce the amount of time a customer would have to wait in line to check out,Sales,Conversion Rate
Ann Marie Campbell,Mike Guhl,Engage the Customer,Store Associate Workbench,Customer Experience,Provide visibility to inventory levels and physical location of in-stock items,Associates can provide faster and more accurate service to Customers when they know the location and available quantities of all in-stock items,Cost,Sales per Labor Hour
Ann Marie Campbell,Mike Guhl,Engage the Customer,Store Associate Workbench,Customer Experience,Provide visibility to inventory levels and physical location of in-stock items,Associates can provide faster and more accurate service to Customers when they know the location and available quantities of all in-stock items,Sales,Customer VOC Metrics
Ann Marie Campbell,Mike Guhl,Engage the Customer,Store Associate Workbench,Customer Experience,Provide visibility to inventory levels and physical location of in-stock items,Associates can provide faster and more accurate service to Customers when they know the location and available quantities of all in-stock items,Sales,In Stock
Ann Marie Campbell,Mike Guhl,Engage the Customer,Store Associate Workbench,Customer Experience,Provide visibility to inventory levels and physical location of in-stock items,Associates can provide faster and more accurate service to Customers when they know the location and available quantities of all in-stock items,Inventory Turns,Average Inventory On Hand